Name;Gender;Age;Position
Name;Gender;Age;Position
Name;Gender;Age;Position
Name;Gender;Age;Position
Name;Gender;Age;Position
Name;Gender;Age;Position
Name;Gender;Age;Position
Name;Gender;Age;Position
Name;Gender;Age;Position
Name;Gender;Age;Position
Name;Gender;Age;Position
Name;Gender;Age;Position
Name;Gender;Age;Position
Name;Gender;Age;Position
Name;Gender;Age;Position
Name;Gender;Age;Position
Name;Gender;Age;Position
Name;Gender;Age;Position
Name;Gender;Age;Position
Name;Gender;Age;Position
